Lake_ID,Lake Name,Total Count,Watershed Area (Sqmi),Watershed Area (Ha),Open Water,Developed Open Space,Developed Low Intensity,Developed Medium Intensity,Developed High Intensity,Barren Land,Deciduous Forest,Evergreen Forest,Mixed Forest,Scrub/Shrub,Grassland/Herbaceous,Pasture/Hay,Cultivated Crops,Woody Wetlands,Emergent Herbaceous Wetland,,Lake Watershed,Agriculture,Forest,Residential,Urban,SUM
1104ADI0587A,Adirondack Lake,4306,1.5,387.54,23.20%,6.10%,2.20%,1.50%,0.60%,0.00%,22.00%,20.90%,10.60%,10.60%,0.00%,0.00%,0.00%,2.20%,0.30%,,25.60%,0.00%,64.00%,9.70%,0.60%,100.00%
1401ANA0251,Anawanda Lake,872,0.3,78.48,20.40%,1.00%,0.00%,0.00%,0.00%,0.00%,73.40%,1.80%,2.30%,0.60%,0.00%,0.00%,0.00%,0.50%,0.00%,,20.90%,0.00%,78.10%,1.00%,0.00%,100.00%
0601ARN0362,Arnold Lake,907,0.32,81.63,34.10%,2.10%,0.00%,0.00%,0.00%,0.00%,46.50%,5.40%,11.90%,0.00%,0.00%,0.00%,0.00%,0.00%,0.00%,,34.10%,0.00%,63.80%,2.10%,0.00%,100.00%
1004AUG0213,Augur Lake,34884,12.12,3139.58,7.70%,4.20%,2.20%,0.40%,0.00%,0.00%,44.20%,13.30%,22.10%,3.80%,0.90%,0.30%,0.00%,0.90%,0.00%,,8.70%,0.30%,84.30%,6.80%,0.00%,100.00%
1102BAB1109,Babcock Lake,961,0.33,86.49,22.90%,3.90%,0.50%,0.00%,0.00%,0.00%,36.80%,13.00%,22.60%,0.00%,0.00%,0.00%,0.00%,0.30%,0.00%,,,,,,,
1101BAL1090,Ballston Lake,29955,10.41,2695.97,3.70%,9.80%,4.10%,1.00%,0.40%,0.00%,24.80%,2.50%,6.70%,0.70%,0.10%,13.60%,10.00%,22.20%,0.30%,,26.30%,23.60%,34.90%,14.90%,0.40%,100.00%
1101BAL1090,Ballston Lake-shallow,,0,0,3.70%,9.80%,4.10%,1.00%,0.40%,0.00%,24.80%,2.50%,6.70%,0.70%,0.10%,13.60%,10.00%,22.20%,0.30%,,,,,,,
1301BAR0181,Barger Pond,,0,0,2.43%,11.45%,4.29%,1.06%,0.02%,0.00%,48.73%,0.10%,3.63%,0.04%,0.68%,2.51%,0.48%,24.41%,0.17%,,27.00%,2.99%,53.19%,16.80%,0.02%,100.00%
1302BAR0071,Barrett Pond,1891,0.66,170.19,16.80%,18.10%,1.90%,0.00%,0.00%,0.00%,50.20%,7.20%,1.20%,0.00%,0.00%,1.20%,0.00%,3.00%,0.40%,,20.10%,1.20%,58.70%,20.00%,0.00%,100.00%
1005BAR0338,Bartlett Pond,12134,4.22,1092.07,5.90%,1.60%,0.10%,0.10%,0.10%,0.00%,36.00%,33.90%,18.40%,0.90%,0.30%,0.00%,0.00%,2.70%,0.00%,,8.70%,0.00%,89.50%,1.80%,0.10%,100.00%
1303BEA0234,Beaver Dam Lake,27440,9.54,2469.62,3.30%,17.50%,4.50%,3.30%,2.00%,0.00%,24.00%,0.50%,14.30%,0.30%,0.10%,6.00%,8.50%,14.90%,0.90%,,19.10%,14.50%,39.20%,25.20%,2.00%,100.00%
0601BEA0174,Beaver Lake,1898,0.66,170.82,8.70%,2.00%,0.00%,0.00%,0.00%,0.00%,76.40%,1.60%,10.30%,0.30%,0.00%,0.00%,0.70%,0.00%,0.00%,,8.70%,0.70%,88.60%,2.00%,0.00%,100.00%
1302HOW0127,Bedford Lake,5200,1.81,468,2.00%,7.10%,1.60%,0.20%,0.10%,0.00%,70.20%,7.50%,1.00%,0.20%,0.00%,8.40%,0.00%,1.70%,0.00%,,3.70%,8.40%,78.80%,8.90%,0.10%,100.00%
1301BOW0444,Big Bowman Pond,1320,0.46,118.8,9.50%,7.70%,0.10%,0.00%,0.00%,0.00%,44.40%,2.70%,30.10%,0.00%,0.00%,1.20%,0.00%,4.30%,0.00%,,13.90%,1.20%,77.20%,7.70%,0.00%,100.00%
1701FRE0661,Big Fresh Pond (Lake Missapogue),2526,0.88,227.34,14.80%,16.20%,1.80%,1.70%,0.00%,0.00%,62.20%,1.30%,0.00%,0.00%,0.00%,0.00%,0.00%,1.70%,0.40%,,16.90%,0.00%,63.50%,19.60%,0.00%,100.00%
0906BLA0001,Black Lake,1617160,561.95,145545.44,5.60%,2.20%,1.20%,0.60%,0.20%,0.10%,39.40%,8.10%,1.60%,3.90%,4.20%,14.30%,2.40%,14.80%,1.50%,,21.90%,16.70%,57.20%,4.10%,0.20%,100.00%
,Black Pond,,0,0,,,,,,,,,,,,,,,,,,,,,,
,Blind Sodus Bay,,0,0,,,,,,,,,,,,,,,,,,,,,,
1302BLU0122A,Blue Heron Lake,2057,0.71,185.13,10.50%,8.30%,0.00%,0.00%,0.00%,0.00%,62.80%,11.30%,0.50%,0.00%,0.00%,1.60%,0.00%,4.70%,0.30%,,15.50%,1.60%,74.60%,8.30%,0.00%,100.00%
0906UWB5014,Boyd Lake,777,0.27,69.93,14.50%,4.10%,0.00%,0.00%,0.00%,0.00%,43.10%,6.40%,0.00%,0.00%,4.60%,25.70%,0.00%,1.40%,0.00%,,16.00%,25.70%,54.20%,4.10%,0.00%,100.00%
0602BRA0154,Bradley Brook Reservoir,7326,2.55,659.34,18.10%,0.80%,0.10%,0.00%,0.00%,0.00%,36.90%,5.30%,2.20%,9.00%,3.10%,13.90%,6.40%,3.60%,0.70%,,22.40%,20.20%,56.50%,0.90%,0.00%,100.00%
,Bradys Pond,,0,0,,,,,,,,,,,,,,,,,,,,,,
1104BRA0347,Brant Lake,114327,39.73,10289.5,8.00%,2.00%,0.10%,0.00%,0.00%,0.00%,42.20%,32.50%,10.20%,0.30%,0.50%,0.10%,0.10%,3.80%,0.20%,,12.00%,0.10%,85.70%,2.20%,0.00%,100.00%
0801BRA0689,Brantingham Lake,13101,4.55,1179.1,12.10%,0.30%,0.00%,0.10%,0.00%,0.00%,35.90%,26.60%,7.40%,9.60%,0.70%,0.60%,0.10%,6.50%,0.00%,,18.60%,0.80%,80.20%,0.40%,0.00%,100.00%
1301BUC0303,Buckingham Lake,1515,0.53,136.35,0.00%,18.30%,56.40%,18.60%,6.00%,0.00%,0.70%,0.00%,0.00%,0.00%,0.00%,0.00%,0.00%,0.00%,0.00%,,0.00%,0.00%,0.70%,93.30%,6.00%,100.00%
1301BUR0386,Burden Third Lake,12597,4.38,1133.74,13.40%,6.20%,3.30%,1.20%,0.00%,0.00%,38.90%,11.50%,12.10%,2.20%,0.50%,6.70%,0.20%,3.80%,0.00%,,17.20%,6.90%,65.20%,10.70%,0.00%,100.00%
0906BUT0054,Butterfield Lake,49103,17.06,4419.3,21.30%,1.80%,1.10%,0.30%,0.00%,0.00%,36.50%,9.50%,1.60%,2.80%,2.10%,9.60%,0.20%,11.50%,1.70%,,34.50%,9.70%,52.50%,3.20%,0.00%,100.00%
,Canaan Lake,,0,0,,,,,,,,,,,,,,,,,,,,,,
1201CAN0717,Canada Lake,103849,36.09,9346.48,7.70%,1.30%,0.10%,0.00%,0.00%,0.00%,55.60%,7.30%,16.00%,2.80%,0.10%,0.00%,0.00%,8.10%,1.00%,,16.80%,0.00%,81.80%,1.40%,0.00%,100.00%
0601CAN0392,Canadarago Lake,183855,63.89,16547.07,5.50%,4.80%,0.90%,0.20%,0.00%,0.30%,19.00%,2.70%,4.10%,3.20%,1.90%,30.10%,15.80%,9.10%,2.40%,,17.00%,45.90%,31.20%,5.90%,0.00%,100.00%
0402CAN0043,Canadice Lake,35811,12.44,3223.01,8.80%,2.84%,0.04%,0.00%,0.00%,0.00%,51.35%,7.81%,13.09%,4.08%,0.39%,7.52%,1.36%,2.49%,0.24%,,11.50%,8.90%,76.70%,2.90%,0.00%,100.00%
0704CAN0286,Canandaigua Lake - N,535681,186.15,48211.64,8.99%,5.18%,1.18%,0.33%,0.07%,0.07%,29.13%,2.59%,6.85%,6.39%,0.39%,23.81%,11.93%,2.14%,0.95%,,12.10%,35.70%,45.40%,6.70%,0.10%,100.00%
0704CAN0286,Canandaigua Lake - S,535681,186.15,48211.64,8.99%,5.18%,1.18%,0.33%,0.07%,0.07%,29.13%,2.59%,6.85%,6.39%,0.39%,23.81%,11.93%,2.14%,0.95%,,12.10%,35.70%,45.40%,6.70%,0.10%,100.00%
0705CAY0296,Cayuga Lake,4524078,1572.08,407169.94,9.90%,4.60%,1.20%,0.50%,0.10%,0.10%,18.00%,2.10%,7.20%,5.40%,0.50%,24.40%,21.90%,3.40%,0.60%,,13.90%,46.30%,33.30%,6.30%,0.10%,100.00%
0705CAY0296,Cayuga Lake - old N,4524078,1572.08,407169.94,9.90%,4.60%,1.20%,0.50%,0.10%,0.10%,18.00%,2.10%,7.20%,5.40%,0.50%,24.40%,21.90%,3.40%,0.60%,,13.90%,46.30%,33.30%,6.30%,0.10%,100.00%
0705CAY0296,Cayuga Lake - old MN,4524078,1572.08,407169.94,9.90%,4.60%,1.20%,0.50%,0.10%,0.10%,18.00%,2.10%,7.20%,5.40%,0.50%,24.40%,21.90%,3.40%,0.60%,,13.90%,46.30%,33.30%,6.30%,0.10%,100.00%
0705CAY0296,Cayuga Lake - NN,4524078,1572.08,407169.94,9.90%,4.60%,1.20%,0.50%,0.10%,0.10%,18.00%,2.10%,7.20%,5.40%,0.50%,24.40%,21.90%,3.40%,0.60%,,13.90%,46.30%,33.30%,6.30%,0.10%,100.00%
0705CAY0296,Cayuga Lake - old S,4524078,1572.08,407169.94,9.90%,4.60%,1.20%,0.50%,0.10%,0.10%,18.00%,2.10%,7.20%,5.40%,0.50%,24.40%,21.90%,3.40%,0.60%,,13.90%,46.30%,33.30%,6.30%,0.10%,100.00%
0705CAY0296,Cayuga Lake - S,4524078,1572.08,407169.94,9.90%,4.60%,1.20%,0.50%,0.10%,0.10%,18.00%,2.10%,7.20%,5.40%,0.50%,24.40%,21.90%,3.40%,0.60%,,13.90%,46.30%,33.30%,6.30%,0.10%,100.00%
0705CAY0296,Cayuga Lake - N,4524078,1572.08,407169.94,9.90%,4.60%,1.20%,0.50%,0.10%,0.10%,18.00%,2.10%,7.20%,5.40%,0.50%,24.40%,21.90%,3.40%,0.60%,,13.90%,46.30%,33.30%,6.30%,0.10%,100.00%
0705CAY0296,Cayuga Lake - SS,4524078,1572.08,407169.94,9.90%,4.60%,1.20%,0.50%,0.10%,0.10%,18.00%,2.10%,7.20%,5.40%,0.50%,24.40%,21.90%,3.40%,0.60%,,13.90%,46.30%,33.30%,6.30%,0.10%,100.00%
0705CAY0296,Cayuga Lake - LP,4524078,1572.08,407169.94,9.90%,4.60%,1.20%,0.50%,0.10%,0.10%,18.00%,2.10%,7.20%,5.40%,0.50%,24.40%,21.90%,3.40%,0.60%,,13.90%,46.30%,33.30%,6.30%,0.10%,100.00%
0703CAZ0153,Cazenovia Lake,24414,8.48,2197.28,21.60%,6.00%,1.00%,0.20%,0.00%,0.00%,26.90%,3.60%,2.00%,12.20%,0.60%,9.50%,10.80%,5.30%,0.40%,,27.30%,20.20%,45.40%,7.10%,0.00%,100.00%
0801CHA0597,Chase Lake,11261,3.91,1013.5,7.10%,0.00%,0.00%,0.00%,0.00%,0.00%,13.60%,54.20%,7.10%,13.60%,0.00%,0.00%,0.00%,3.90%,0.50%,,11.50%,0.00%,88.50%,0.00%,0.00%,100.00%
0202CHA0122,Chautauqua Lake-N,521090,181.07,46898.44,11.60%,5.00%,1.70%,0.70%,0.10%,0.00%,44.70%,3.70%,1.00%,3.10%,2.50%,12.50%,9.50%,3.60%,0.40%,,15.50%,22.00%,55.00%,7.40%,0.10%,100.00%
0202CHA0122,Chautauqua Lake-S,521090,181.07,46898.44,11.60%,5.00%,1.70%,0.70%,0.10%,0.00%,44.70%,3.70%,1.00%,3.10%,2.50%,12.50%,9.50%,3.60%,0.40%,,,,,,,
0601CHE0213,Chenango Lake,,0,0,0.30%,0.06%,0.44%,0.00%,0.00%,0.25%,26.54%,4.25%,28.77%,0.20%,0.49%,0.00%,0.00%,3.16%,0.05%,,33.07%,0.00%,60.50%,6.43%,0.00%,100.00%
1302CHI0075,China Pond,882,0.31,79.38,24.00%,35.00%,0.30%,0.00%,0.00%,0.00%,23.90%,8.20%,0.00%,0.00%,7.00%,1.50%,0.00%,0.00%,0.00%,,24.00%,1.50%,39.10%,35.40%,0.00%,100.00%
0402CON0067,Conesus Lake - S1,202310,70.3,18208.03,7.40%,5.00%,0.90%,0.30%,0.00%,0.00%,27.90%,0.70%,5.60%,8.00%,0.50%,27.40%,12.90%,2.20%,1.30%,,10.80%,40.30%,42.70%,6.20%,0.00%,100.00%
0402CON0067,Conesus Lake - S2,202310,70.3,18208.03,7.40%,5.00%,0.90%,0.30%,0.00%,0.00%,27.90%,0.70%,5.60%,8.00%,0.50%,27.40%,12.90%,2.20%,1.30%,,10.80%,40.30%,42.70%,6.20%,0.00%,100.00%
1310COP0108,Copake Lake,6023,2.09,542.07,31.90%,13.20%,3.50%,0.70%,0.00%,0.00%,33.30%,10.00%,1.20%,0.30%,0.70%,3.40%,0.00%,1.90%,0.00%,,33.80%,3.40%,45.40%,17.40%,0.00%,100.00%
1103COS0079,Cossayuna Lake,33878,11.77,3049.04,9.50%,4.80%,0.60%,0.20%,0.00%,0.00%,37.70%,8.30%,4.90%,5.60%,0.20%,18.20%,2.50%,6.00%,1.60%,,17.00%,20.70%,56.60%,5.60%,0.00%,100.00%
0602EAR0146,Craine Lake,4989,1.73,449.01,3.50%,2.00%,0.40%,0.20%,0.00%,0.00%,21.90%,5.10%,4.00%,6.30%,0.20%,17.30%,30.20%,8.80%,0.30%,,12.60%,47.40%,37.40%,2.60%,0.00%,100.00%
1702CRA6892,Cranberry Lake ,37986,13.2,3418.76,25.90%,19.30%,5.10%,4.10%,0.70%,0.00%,33.80%,6.40%,0.60%,0.20%,0.10%,0.60%,0.00%,2.90%,0.30%,,29.10%,0.60%,41.10%,28.50%,0.70%,100.00%
0602CRO0073,Crooked Lake,13225,4.6,1190.26,9.30%,3.30%,0.20%,0.10%,0.00%,0.00%,37.50%,0.70%,0.90%,9.60%,0.60%,19.10%,11.70%,5.80%,1.30%,,16.40%,30.80%,49.30%,3.60%,0.00%,100.00%
0701CRO0185,Cross Lake,51580,17.92,4642.23,13.80%,3.00%,0.40%,0.00%,0.00%,0.00%,7.70%,0.30%,1.40%,5.50%,0.20%,24.30%,26.70%,15.60%,1.00%,,30.50%,51.00%,15.10%,3.40%,0.00%,100.00%
1401CRY0260,Crystal Lake (Sullivan),1015,0.35,91.35,15.90%,0.00%,0.00%,0.00%,0.00%,0.00%,79.80%,0.80%,3.50%,0.00%,0.00%,0.00%,0.00%,0.00%,0.00%,,15.90%,0.00%,84.10%,0.00%,0.00%,100.00%
0201CUB0115,Cuba Lake,73040,25.38,6573.65,2.80%,2.10%,0.20%,0.10%,0.00%,0.00%,62.60%,5.10%,0.60%,2.70%,0.50%,13.20%,9.40%,0.50%,0.10%,,3.40%,22.60%,71.60%,2.40%,0.00%,100.00%
0602DEA0036,Deans Pond,1809,0.63,162.81,6.60%,5.10%,0.10%,0.00%,0.60%,0.00%,12.50%,11.60%,6.70%,0.00%,0.00%,48.50%,3.50%,4.00%,0.80%,,11.40%,52.00%,30.80%,5.10%,0.60%,100.00%
1404DEE0389,Deer Lake,6590,2.29,593.1,3.80%,2.80%,0.40%,0.70%,0.00%,0.00%,48.10%,13.80%,25.30%,0.80%,0.10%,1.50%,0.70%,1.40%,0.40%,,5.70%,2.20%,88.20%,3.90%,0.00%,100.00%
0902DEE0073,Deer River Flow,,0,0,4.40%,2.30%,0.37%,0.06%,0.01%,0.02%,53.06%,18.79%,2.29%,1.50%,0.11%,0.09%,,16.57%,0.43%,,21.40%,0.10%,75.80%,2.70%,0.00%,100.00%
1201DEL1059,Delta Reservoir,428924,149.05,38603.44,3.00%,1.10%,0.30%,0.10%,0.00%,0.00%,48.00%,11.60%,3.60%,8.20%,2.70%,13.90%,5.20%,2.00%,0.40%,,5.30%,19.00%,74.20%,1.40%,0.00%,100.00%
0703DER0139A,Deruyter Reservoir ,12020,4.18,1081.81,22.30%,4.50%,0.40%,0.00%,0.00%,0.00%,38.70%,3.30%,4.00%,6.90%,0.10%,5.40%,11.80%,1.60%,1.10%,,25.00%,17.20%,52.90%,4.90%,0.00%,100.00%
1311DUA0276A,Duane Lake,1460,0.51,131.4,10.00%,3.90%,0.00%,0.00%,0.00%,0.00%,30.10%,2.90%,18.40%,0.10%,2.20%,28.90%,0.00%,3.60%,0.00%,,13.60%,28.90%,53.60%,3.90%,0.00%,100.00%
0705DUC0222,Duck Lake,2952,1.03,265.68,27.90%,3.70%,0.10%,0.00%,0.00%,0.00%,12.50%,1.60%,1.30%,12.10%,0.20%,18.80%,1.90%,16.40%,3.60%,,47.90%,20.70%,27.60%,3.80%,0.00%,100.00%
0903EAG0080,Eagle Crag Lake,4284,1.49,385.56,17.90%,0.20%,0.00%,0.00%,0.00%,0.00%,72.90%,3.60%,1.80%,2.90%,0.00%,0.00%,0.00%,0.40%,0.30%,,18.60%,0.00%,81.20%,0.20%,0.00%,100.00%
1104EAG0438,Eagle Lake,14783,5.14,1330.48,16.60%,1.30%,0.10%,0.00%,0.00%,0.00%,11.40%,54.40%,13.50%,0.10%,0.00%,0.00%,0.00%,2.50%,0.00%,,19.10%,0.00%,79.50%,1.40%,0.00%,100.00%
0902EAG0083,Eagle Pond,2940,1.02,264.6,7.00%,2.00%,0.30%,0.00%,0.00%,0.40%,38.50%,40.90%,1.70%,4.60%,0.70%,1.30%,0.00%,2.60%,0.00%,,9.60%,1.30%,86.80%,2.30%,0.00%,100.00%
1201ECA0697,East Caroga Lake,21986,7.64,1978.75,11.60%,6.50%,0.90%,0.30%,0.00%,0.00%,40.20%,13.60%,13.70%,2.20%,0.30%,0.40%,0.00%,9.50%,0.80%,,21.90%,0.40%,70.00%,7.70%,0.00%,100.00%
0602EAT0163,Eaton Reservoir,22082,7.67,1987.39,7.30%,0.60%,0.10%,0.10%,0.00%,0.00%,47.80%,10.80%,0.90%,6.90%,1.40%,16.00%,2.50%,4.80%,0.80%,,12.90%,18.50%,67.80%,0.70%,0.00%,100.00%
0602ECH0081,Echo Lake,3146,1.09,283.14,7.80%,2.20%,0.00%,0.00%,0.00%,0.00%,17.50%,14.30%,35.70%,0.00%,0.60%,11.10%,2.60%,7.00%,1.30%,,16.10%,13.70%,68.00%,2.20%,0.00%,100.00%
0801EFF0426,Effley Falls Reservoir,722531,251.07,65028.26,9.00%,0.00%,0.00%,0.00%,0.00%,0.80%,54.10%,15.30%,8.80%,5.50%,0.10%,0.00%,0.00%,5.10%,1.20%,,15.30%,0.00%,84.60%,0.00%,0.00%,100.00%
1104EFN0129,Efner Lake,13971,4.85,1257.4,10.50%,1.00%,0.00%,0.00%,0.00%,0.00%,33.70%,33.90%,16.50%,0.70%,0.10%,0.00%,0.00%,3.70%,0.00%,,14.10%,0.00%,84.90%,1.00%,0.00%,100.00%
0202FIN0153,Findley Lake,14432,5.02,1298.89,9.30%,3.70%,1.50%,0.20%,0.00%,0.10%,41.40%,4.40%,3.40%,2.30%,2.50%,14.70%,13.40%,2.40%,0.90%,,12.50%,28.10%,54.00%,5.40%,0.00%,100.00%
1301FOR0441,Forest Lake-R,526,0.18,47.34,16.50%,0.20%,0.00%,0.00%,0.00%,0.00%,0.00%,23.20%,56.10%,0.00%,0.00%,0.00%,0.00%,4.00%,0.00%,,20.50%,0.00%,79.30%,0.20%,0.00%,100.00%
1104FOR0340,Forest Lake-W,17270,6,1554.31,2.10%,3.10%,0.40%,0.00%,0.00%,0.00%,22.20%,33.90%,29.70%,5.40%,0.00%,0.00%,0.60%,2.50%,0.00%,,4.60%,0.60%,91.30%,3.50%,0.00%,100.00%
,Fresh Pond,,0,0,,,,,,,,,,,,,,,,,,,,,,
1104FRI0365,Friends Lake,15861,5.51,1427.5,13.90%,3.90%,0.00%,0.20%,0.00%,0.00%,14.20%,35.40%,22.70%,3.70%,0.40%,1.70%,0.50%,3.40%,0.00%,,17.40%,2.20%,76.30%,4.10%,0.00%,100.00%
0801SEC0782B,Fulton Second Lake,129568,45.02,11661.2,15.00%,2.40%,0.20%,0.10%,0.00%,0.00%,53.40%,11.20%,8.10%,6.00%,0.10%,0.00%,0.00%,3.20%,0.30%,,18.50%,0.00%,78.80%,2.70%,0.00%,100.00%
1201GAL0563,Galway Lake,27051,9.4,2434.61,9.90%,5.10%,0.70%,0.10%,0.00%,0.00%,15.40%,39.10%,5.60%,0.10%,0.30%,9.00%,0.80%,13.40%,0.40%,,23.70%,9.90%,60.50%,5.90%,0.00%,100.00%
1104GAR0520,Garnet Lake,24416,8.48,2197.46,8.60%,0.10%,0.00%,0.00%,0.00%,0.00%,57.40%,19.20%,9.00%,2.90%,0.00%,0.00%,0.00%,2.60%,0.20%,,11.40%,0.00%,88.50%,0.10%,0.00%,100.00%
0602GEN0088,Geneganslet Lake,14566,5.06,1310.95,3.60%,1.40%,0.00%,0.00%,0.00%,0.00%,44.30%,9.30%,19.70%,0.50%,0.00%,14.10%,0.00%,6.40%,0.60%,,10.60%,14.10%,73.90%,1.40%,0.00%,100.00%
1301GLA0394,Glass Lake,12487,4.34,1123.84,8.30%,4.30%,1.30%,1.00%,0.00%,0.00%,42.90%,13.70%,19.90%,0.70%,0.00%,5.10%,0.00%,2.40%,0.30%,,11.00%,5.10%,77.20%,6.70%,0.00%,100.00%
1005GLE0441,Glen Lake,34147,11.87,3073.25,7.10%,11.20%,7.10%,2.20%,1.00%,0.20%,25.40%,26.70%,11.10%,0.70%,0.10%,0.00%,0.50%,5.60%,0.90%,,13.60%,0.50%,64.30%,20.60%,1.00%,100.00%
1104GOO0672A,Goodnow Flow,74143,25.76,6672.92,4.40%,0.40%,0.00%,0.00%,0.00%,0.00%,69.50%,12.60%,6.20%,0.30%,0.00%,0.00%,0.00%,6.00%,0.70%,,11.10%,0.00%,88.50%,0.40%,0.00%,100.00%
0602GOR0136,Gorton Lake,1106,0.38,99.54,10.00%,0.00%,0.00%,0.00%,0.00%,0.00%,72.40%,6.20%,3.30%,3.20%,0.30%,0.00%,0.00%,3.80%,0.70%,,14.60%,0.00%,85.40%,0.00%,0.00%,100.00%
1302UWB0089F,Gossamans Pond,510,0.18,45.9,1.00%,0.20%,0.20%,0.00%,0.00%,0.00%,98.60%,0.00%,0.00%,0.00%,0.00%,0.00%,0.00%,0.00%,0.00%,,1.00%,0.00%,98.60%,0.40%,0.00%,100.00%
0906GRA0051,Grass Lake,7434,2.58,669.06,22.90%,0.20%,0.00%,0.00%,0.00%,0.00%,43.50%,12.40%,3.00%,1.70%,1.60%,0.00%,0.20%,13.50%,0.90%,,37.30%,0.20%,62.20%,0.20%,0.00%,100.00%
0601GUI0188,Guilford Lake,6305,2.19,567.45,5.80%,2.70%,0.30%,0.00%,0.00%,0.00%,24.90%,10.70%,10.30%,0.20%,0.00%,39.50%,1.60%,3.50%,0.60%,,9.80%,41.20%,46.00%,3.00%,0.00%,100.00%
0903GUL0087,Gull Pond,15336,5.33,1380.25,16.10%,1.10%,0.00%,0.00%,0.00%,0.00%,74.90%,4.60%,1.00%,0.60%,0.00%,0.00%,0.00%,1.40%,0.20%,,17.70%,0.00%,81.10%,1.10%,0.00%,100.00%
1005HAD0432,Hadlock Pond,26059,9.06,2345.33,4.60%,2.50%,0.20%,0.00%,0.00%,0.00%,49.00%,18.70%,18.00%,2.00%,0.00%,0.90%,0.00%,2.10%,2.00%,,8.70%,0.90%,87.70%,2.70%,0.00%,100.00%
0602HAT0155,Hatch Lake,3836,1.33,345.24,16.80%,1.10%,0.30%,0.00%,0.00%,0.00%,38.70%,3.70%,1.60%,6.40%,3.30%,15.30%,7.80%,4.50%,0.40%,,21.70%,23.10%,53.80%,1.40%,0.00%,100.00%
1103HED0089,Hedges Lake,4513,1.57,406.17,12.50%,9.70%,3.30%,0.20%,0.00%,0.00%,17.60%,4.30%,1.30%,0.80%,0.50%,39.90%,5.40%,1.90%,2.50%,,17.00%,45.30%,24.50%,13.30%,0.00%,100.00%
0402HEM0044,Hemlock Lake - S1,123355,42.86,11102.03,7.45%,4.42%,0.35%,0.04%,0.00%,0.02%,35.46%,6.64%,12.82%,6.97%,0.52%,15.01%,7.65%,1.69%,0.96%,,10.10%,22.70%,62.40%,4.80%,0.00%,100.00%
0402HEM0044,Hemlock Lake - S2,123355,42.86,11102.03,7.45%,4.42%,0.35%,0.04%,0.00%,0.02%,35.46%,6.64%,12.82%,6.97%,0.52%,15.01%,7.65%,1.69%,0.96%,,10.10%,22.70%,62.40%,4.80%,0.00%,100.00%
0402HEM0044,Hemlock Lake - S3,123355,42.86,11102.03,7.45%,4.42%,0.35%,0.04%,0.00%,0.02%,35.46%,6.64%,12.82%,6.97%,0.52%,15.01%,7.65%,1.69%,0.96%,,10.10%,22.70%,62.40%,4.80%,0.00%,100.00%
1306HIG0492,Highland Lake,2065,0.72,185.85,25.10%,0.80%,0.00%,0.00%,0.00%,0.00%,40.80%,7.50%,20.30%,0.00%,0.00%,4.00%,0.00%,1.50%,0.00%,,26.60%,4.00%,68.60%,0.80%,0.00%,100.00%
1304HIL0345G,Hillside Lake,971,0.34,87.39,0.00%,51.40%,19.90%,2.10%,0.00%,0.00%,11.90%,0.00%,1.50%,0.80%,0.00%,2.20%,0.00%,0.00%,10.20%,,10.20%,2.20%,14.30%,73.30%,0.00%,100.00%
0402HON0057,Honeoye Lake - S2,115298,40.07,10376.89,7.00%,3.40%,0.30%,0.00%,0.00%,0.00%,57.80%,4.10%,5.50%,5.70%,0.20%,9.50%,2.30%,3.90%,0.30%,,11.30%,11.80%,73.20%,3.70%,0.00%,100.00%
0402HON0057,Honeoye Lake - S1,115298,40.07,10376.89,7.00%,3.40%,0.30%,0.00%,0.00%,0.00%,57.80%,4.10%,5.50%,5.70%,0.20%,9.50%,2.30%,3.90%,0.30%,,11.30%,11.80%,73.20%,3.70%,0.00%,100.00%
0902HOR0078,Horsehoe Pond,19988,6.95,1798.93,5.10%,3.80%,0.80%,0.10%,0.00%,0.10%,57.60%,17.80%,2.20%,2.80%,0.20%,0.20%,0.00%,9.00%,0.20%,,14.40%,0.20%,80.70%,4.70%,0.00%,100.00%
1104HUN0131,Hunt Lake,6208,2.16,558.72,9.80%,0.80%,0.00%,0.00%,0.00%,0.00%,46.70%,25.40%,14.50%,1.30%,0.20%,0.00%,0.00%,1.30%,0.00%,,11.20%,0.00%,88.10%,0.80%,0.00%,100.00%
0303HYD0391,Hyde Lake,5970,2.07,537.3,14.10%,2.10%,1.10%,0.00%,0.00%,0.00%,22.90%,17.20%,2.80%,5.00%,5.20%,15.80%,0.00%,13.30%,0.50%,,27.90%,15.80%,53.10%,3.20%,0.00%,100.00%
1104IND0597,Indian Lake (Hamilton),373667,129.85,33630.27,7.10%,0.90%,0.00%,0.00%,0.00%,0.00%,67.70%,13.30%,6.30%,2.00%,0.00%,0.00%,0.00%,2.30%,0.40%,,9.80%,0.00%,89.30%,0.90%,0.00%,100.00%
1301IND0167,Indian Lake (Putnam),973,0.34,87.57,20.30%,8.20%,0.00%,0.00%,0.00%,0.00%,50.80%,19.10%,0.00%,0.00%,0.00%,0.00%,0.00%,1.50%,0.00%,,21.90%,0.00%,69.90%,8.20%,0.00%,100.00%
0703JAM0144,Jamesville Reservoir,125466,43.6,11292.02,0.80%,4.90%,0.50%,0.00%,0.00%,0.10%,36.80%,2.80%,2.50%,10.80%,0.50%,23.20%,12.40%,4.00%,0.70%,,5.50%,35.60%,53.40%,5.40%,0.00%,100.00%
0104JAV0152,Java Lake,2030,0.71,182.7,9.50%,4.20%,1.60%,0.80%,0.00%,0.00%,5.30%,0.20%,3.10%,0.00%,0.00%,4.60%,22.30%,39.00%,9.50%,,57.90%,26.90%,8.60%,6.60%,0.00%,100.00%
1104JEN0130,Jenny Lake,1991,0.69,179.19,19.60%,2.50%,0.00%,0.00%,0.00%,0.00%,16.40%,45.20%,14.20%,0.00%,0.00%,0.00%,0.00%,2.20%,0.00%,,21.70%,0.00%,75.70%,2.50%,0.00%,100.00%
0903JOE0031,Joe Indian Pond,60978,21.19,5488.06,3.40%,0.00%,0.00%,0.00%,0.00%,0.10%,49.80%,29.80%,2.50%,2.40%,0.20%,0.00%,0.00%,10.40%,1.40%,,15.20%,0.00%,84.80%,0.00%,0.00%,100.00%
0703KAS0109,Kasoag Lake,20963,7.28,1886.68,3.00%,0.80%,0.00%,0.00%,0.00%,0.00%,62.10%,8.20%,3.80%,10.50%,0.20%,8.60%,0.40%,1.80%,0.50%,,5.30%,9.00%,84.90%,0.80%,0.00%,100.00%
1302KAT0107A,Katonah Lake,603,0.21,54.27,15.60%,45.10%,0.00%,1.00%,0.00%,0.00%,32.20%,6.10%,0.00%,0.00%,0.00%,0.00%,0.00%,0.00%,0.00%,,15.60%,0.00%,38.30%,46.10%,0.00%,100.00%
0801KAY0984A,Kayuta Lake,419642,145.82,37768.05,2.50%,0.10%,0.00%,0.00%,0.00%,0.00%,55.70%,14.90%,9.30%,5.50%,0.30%,1.10%,0.20%,9.70%,0.70%,,12.90%,1.20%,85.70%,0.10%,0.00%,100.00%
1104KELXXX1,Kellum Lake,6463,2.25,581.67,6.70%,2.10%,0.00%,0.00%,0.00%,0.00%,20.00%,34.70%,29.90%,0.30%,0.00%,0.00%,0.00%,6.30%,0.00%,,13.00%,0.00%,84.90%,2.10%,0.00%,100.00%
0705KEU0388,Keuka Lake - S1,507307,176.29,45657.96,10.46%,4.45%,0.59%,0.16%,0.03%,0.00%,26.56%,3.19%,12.96%,7.42%,0.34%,21.93%,9.91%,1.45%,0.54%,,12.50%,31.80%,50.50%,5.20%,0.00%,100.00%
0705KEU0388,Keuka Lake - S2,507307,176.29,45657.96,10.46%,4.45%,0.59%,0.16%,0.03%,0.00%,26.56%,3.19%,12.96%,7.42%,0.34%,21.93%,9.91%,1.45%,0.54%,,12.50%,31.80%,50.50%,5.20%,0.00%,100.00%
0705KEU0388,Keuka Lake - S3,507307,176.29,45657.96,10.46%,4.45%,0.59%,0.16%,0.03%,0.00%,26.56%,3.19%,12.96%,7.42%,0.34%,21.93%,9.91%,1.45%,0.54%,,12.50%,31.80%,50.50%,5.20%,0.00%,100.00%
1310KIN0024,Kinderhook Lake,109515,38.06,9856.42,2.60%,6.80%,2.60%,1.00%,0.10%,0.00%,33.90%,10.10%,6.90%,5.70%,0.40%,19.50%,1.70%,7.70%,0.90%,,11.20%,21.30%,57.10%,10.40%,0.10%,100.00%
1302KIR0052,Kirk Lake,8926,3.1,803.35,5.90%,21.40%,3.10%,0.70%,0.10%,0.00%,52.70%,1.90%,0.70%,0.90%,0.00%,3.50%,0.00%,8.40%,0.60%,,14.90%,3.50%,56.30%,25.20%,0.10%,100.00%
1002ALI5018,Lake Alice,662809,230.32,59653.24,0.90%,3.70%,1.80%,0.40%,0.10%,0.10%,9.20%,0.20%,0.90%,0.30%,0.10%,20.60%,39.40%,19.30%,3.00%,,23.20%,60.00%,10.80%,5.90%,0.10%,100.00%
0906BON0024,Lake Bonaparte,48644,16.9,4377.99,14.10%,1.50%,0.10%,0.00%,0.00%,0.40%,48.20%,11.00%,2.10%,0.50%,1.20%,1.00%,0.20%,18.10%,1.60%,,33.80%,1.20%,63.40%,1.70%,0.00%,100.00%
1302CAR0062A,Lake Carmel,37592,13.06,3383.3,3.70%,13.40%,7.20%,1.70%,0.10%,0.00%,63.90%,0.60%,0.20%,0.40%,0.00%,2.70%,0.00%,5.00%,0.90%,,9.60%,2.80%,65.10%,22.30%,0.10%,100.00%
1301CEL0166,Lake Celeste,3173,1.1,285.57,0.80%,7.00%,0.00%,0.00%,0.00%,0.00%,83.20%,3.20%,0.30%,0.50%,0.00%,0.40%,0.00%,3.90%,0.60%,,5.40%,0.40%,87.30%,7.00%,0.00%,100.00%
1003CLE0199,Lake Clear,31614,10.99,2845.28,17.10%,2.90%,0.20%,0.10%,0.00%,0.00%,33.10%,31.20%,8.30%,4.40%,0.80%,0.00%,0.00%,1.70%,0.20%,,19.00%,0.00%,77.80%,3.20%,0.00%,100.00%
1003COL0106,Lake Colby,8819,3.06,793.72,17.80%,5.70%,2.80%,3.00%,0.40%,0.00%,26.90%,33.60%,3.50%,4.90%,0.70%,0.00%,0.20%,0.40%,0.00%,,18.20%,0.20%,69.70%,11.50%,0.40%,100.00%
0705COM0333,Lake Como,11483,3.99,1033.48,3.10%,3.70%,0.00%,0.10%,0.00%,0.00%,40.10%,5.40%,2.80%,6.70%,0.20%,19.80%,12.30%,5.50%,0.40%,,9.00%,32.10%,55.10%,3.80%,0.00%,100.00%
0502DEM0068,Lake Demmon,812,0.28,73.08,16.40%,4.90%,0.00%,0.00%,0.00%,0.00%,33.70%,13.90%,14.00%,0.60%,0.00%,9.50%,5.80%,1.10%,0.00%,,17.50%,15.30%,62.30%,4.90%,0.00%,100.00%
1401DEV0174,Lake Devenoge,568,0.2,51.12,45.20%,16.70%,0.00%,0.00%,0.00%,7.70%,26.10%,2.50%,1.80%,0.00%,0.00%,0.00%,0.00%,0.00%,0.00%,,45.20%,0.00%,38.00%,16.70%,0.00%,100.00%
1006GEO0367,Lake George- Hague,669183,232.54,60226.9,20.20%,3.80%,0.80%,0.30%,0.10%,0.00%,32.70%,28.40%,9.90%,0.50%,0.10%,0.60%,0.10%,2.40%,0.10%,,22.60%,0.80%,71.70%,4.90%,0.10%,100.00%
1006GEO0367,Lake George-Basin Bay,669183,232.54,60226.9,20.20%,3.80%,0.80%,0.30%,0.10%,0.00%,32.70%,28.40%,9.90%,0.50%,0.10%,0.60%,0.10%,2.40%,0.10%,,22.60%,0.80%,71.70%,4.90%,0.10%,100.00%
1006GEO0367,Lake George-Crown Island,669183,232.54,60226.9,20.20%,3.80%,0.80%,0.30%,0.10%,0.00%,32.70%,28.40%,9.90%,0.50%,0.10%,0.60%,0.10%,2.40%,0.10%,,22.60%,0.80%,71.70%,4.90%,0.10%,100.00%
1006GEO0367,Lake George-Diamond Island,669183,232.54,60226.9,20.20%,3.80%,0.80%,0.30%,0.10%,0.00%,32.70%,28.40%,9.90%,0.50%,0.10%,0.60%,0.10%,2.40%,0.10%,,22.60%,0.80%,71.70%,4.90%,0.10%,100.00%
1006GEO0367,Lake George-Lake George Village,669183,232.54,60226.9,20.20%,3.80%,0.80%,0.30%,0.10%,0.00%,32.70%,28.40%,9.90%,0.50%,0.10%,0.60%,0.10%,2.40%,0.10%,,22.60%,0.80%,71.70%,4.90%,0.10%,100.00%
1006GEO0367,Lake George-Gull Bay,669183,232.54,60226.9,20.20%,3.80%,0.80%,0.30%,0.10%,0.00%,32.70%,28.40%,9.90%,0.50%,0.10%,0.60%,0.10%,2.40%,0.10%,,22.60%,0.80%,71.70%,4.90%,0.10%,100.00%
1006GEO0367,Lake George-Harris Bay,669183,232.54,60226.9,20.20%,3.80%,0.80%,0.30%,0.10%,0.00%,32.70%,28.40%,9.90%,0.50%,0.10%,0.60%,0.10%,2.40%,0.10%,,22.60%,0.80%,71.70%,4.90%,0.10%,100.00%
1006GEO0367,Lake George-Hearts Bay,669183,232.54,60226.9,20.20%,3.80%,0.80%,0.30%,0.10%,0.00%,32.70%,28.40%,9.90%,0.50%,0.10%,0.60%,0.10%,2.40%,0.10%,,22.60%,0.80%,71.70%,4.90%,0.10%,100.00%
1006GEO0367,Lake George-Huletts Landing,669183,232.54,60226.9,20.20%,3.80%,0.80%,0.30%,0.10%,0.00%,32.70%,28.40%,9.90%,0.50%,0.10%,0.60%,0.10%,2.40%,0.10%,,22.60%,0.80%,71.70%,4.90%,0.10%,100.00%
1006GEO0367,Lake George- Northwest Bay,669183,232.54,60226.9,20.20%,3.80%,0.80%,0.30%,0.10%,0.00%,32.70%,28.40%,9.90%,0.50%,0.10%,0.60%,0.10%,2.40%,0.10%,,22.60%,0.80%,71.70%,4.90%,0.10%,100.00%
0602GER0097,Lake Gerry,594,0.21,53.46,23.90%,8.80%,0.80%,0.00%,0.00%,0.00%,45.30%,2.20%,3.70%,2.00%,0.00%,0.00%,0.00%,7.90%,5.40%,,37.20%,0.00%,53.20%,9.60%,0.00%,100.00%
1402GUY0014,Lake Guymard,1245,0.43,112.05,11.90%,13.80%,0.90%,0.00%,0.00%,0.00%,61.40%,0.00%,9.20%,0.00%,0.00%,1.80%,0.10%,1.00%,0.00%,,12.90%,1.80%,70.60%,14.70%,0.00%,100.00%
,Lake Kitchawan,,0,0,,,,,,,,,,,,,,,,,,,,,,
,Lake Kiwassa,,0,0,,,,,,,,,,,,,,,,,,,,,,
0302LAC0132,Lake Lacoma,147,0.05,13.23,24.50%,1.40%,0.00%,0.00%,0.00%,0.00%,20.40%,12.90%,32.70%,0.00%,0.00%,0.00%,0.00%,2.70%,5.40%,,32.70%,0.00%,66.00%,1.40%,0.00%,100.00%
1102LAU1121,Lake Lauderdale,5228,1.82,470.52,8.90%,6.10%,3.80%,1.10%,0.00%,0.00%,35.20%,6.60%,6.40%,2.60%,0.40%,13.50%,8.60%,6.70%,0.10%,,15.80%,22.10%,51.20%,11.00%,0.00%,100.00%
1302LIN0057A,Lake Lincolndale,1543,0.54,138.87,5.20%,55.70%,23.10%,1.90%,0.00%,0.00%,13.30%,0.10%,0.30%,0.40%,0.00%,0.00%,0.00%,0.00%,0.00%,,5.20%,0.00%,14.00%,80.80%,0.00%,100.00%
1501LUC0982B,Lake Lucille,14580,5.07,1312.21,0.20%,35.90%,7.20%,3.40%,0.20%,0.00%,44.70%,0.00%,0.00%,0.40%,0.30%,0.00%,2.60%,4.90%,0.00%,,5.20%,2.60%,45.50%,46.50%,0.20%,100.00%
1104LUZ0318,Lake Luzerne,73524,25.55,6617.21,2.20%,4.00%,0.30%,0.10%,0.00%,0.00%,31.10%,33.60%,21.90%,2.00%,0.30%,0.00%,0.30%,3.90%,0.20%,,6.30%,0.30%,88.90%,4.50%,0.00%,100.00%
,Lake Mahopac,,0,0,,,,,,,,,,,,,,,,,,,,,,
,Lake Meahagh,,0,0,,,,,,,,,,,,,,,,,,,,,,
1301MOH0179,Mohegan Lake,3006,1.04,270.54,14.70%,45.90%,10.60%,6.30%,0.80%,0.00%,14.80%,1.20%,0.30%,0.00%,0.00%,0.80%,0.00%,4.30%,0.20%,,19.20%,0.80%,16.30%,62.80%,0.80%,100.00%
0602MOR0152,Lake Moraine,23160,8.05,2084.41,5.30%,1.70%,0.20%,0.00%,0.00%,0.00%,25.40%,4.60%,0.40%,10.50%,6.70%,27.70%,13.30%,3.20%,0.80%,,9.30%,41.00%,47.70%,2.00%,0.00%,100.00%
,Lake Myosotis,,0,0,,,,,,,,,,,,,,,,,,,,,,
,Lake Nimham,,0,0,,,,,,,,,,,,,,,,,,,,,,
0901ISLXXX1,Lake of the Isles,14547,5.05,1309.24,29.40%,3.40%,2.50%,1.70%,0.40%,0.00%,38.60%,2.90%,0.50%,3.00%,1.70%,2.20%,0.30%,7.00%,6.30%,,42.70%,2.50%,46.70%,7.70%,0.40%,100.00%
0906OTH0009,Lake of the Woods,3059,1.06,275.31,32.00%,1.60%,0.00%,0.00%,0.00%,0.00%,38.40%,13.50%,4.70%,0.90%,1.20%,6.90%,0.00%,0.80%,0.00%,,32.80%,6.90%,58.70%,1.60%,0.00%,100.00%
,Lake Ontario-Golden Hill,,0,0,,,,,,,,,,,,,,,,,,,,,,
,Lake Ontario-Wilson Tuscarora,,0,0,,,,,,,,,,,,,,,,,,,,,,
1302OSC0118,Lake Oscaleta,5747,2,517.23,11.10%,6.40%,0.00%,0.00%,0.00%,0.00%,59.50%,11.10%,1.60%,0.10%,0.00%,1.40%,0.00%,8.50%,0.30%,,20.00%,1.40%,72.20%,6.40%,0.00%,100.00%
,Lake Oscawana,,0,0,,,,,,,,,,,,,,,,,,,,,,
,Lake Ossi,,0,0,,,,,,,,,,,,,,,,,,,,,,
1301PEE0171,Lake Peekskill,2012,0.7,181.08,12.60%,38.10%,4.10%,1.20%,0.10%,0.00%,35.50%,0.50%,0.00%,0.80%,0.00%,1.80%,0.00%,4.80%,0.30%,,17.70%,1.80%,36.80%,43.40%,0.10%,100.00%
1004PLA0254,Lake Placid,62289,21.64,5606.05,15.10%,2.30%,0.70%,0.50%,0.10%,0.00%,30.40%,27.60%,21.80%,0.20%,0.00%,0.00%,0.00%,1.30%,0.10%,,16.40%,0.00%,80.00%,3.50%,0.10%,100.00%
1104PLE0313,Lake Pleasant,96053,33.38,8644.83,16.80%,2.80%,0.30%,0.20%,0.10%,0.00%,52.60%,13.20%,7.90%,2.10%,0.10%,0.00%,0.10%,2.80%,1.20%,,20.80%,0.10%,75.80%,3.30%,0.10%,100.00%
1302RIP0119,Lake Rippowam,1248,0.43,112.32,12.40%,5.00%,0.00%,0.00%,0.00%,0.00%,66.30%,3.70%,0.20%,0.00%,0.00%,1.00%,0.00%,11.40%,0.00%,,23.80%,1.00%,70.20%,5.00%,0.00%,100.00%
0502SAL0051,Lake Salubria,2289,0.8,206.01,11.40%,5.60%,4.00%,0.60%,0.00%,0.00%,39.80%,0.00%,0.40%,4.00%,1.80%,1.40%,29.10%,0.70%,1.30%,,13.40%,30.50%,46.00%,10.20%,0.00%,100.00%
,Lake Taghanic,,0,0,,,,,,,,,,,,,,,,,,,,,,
,Lake Tibet,,0,0,,,,,,,,,,,,,,,,,,,,,,
,Lake Titus,,0,0,,,,,,,,,,,,,,,,,,,,,,
1302TRU0115A,Lake Truesdale,11028,3.83,992.53,4.10%,14.90%,0.40%,0.30%,0.00%,0.00%,56.30%,3.60%,1.90%,0.50%,0.10%,2.80%,0.00%,15.00%,0.10%,,19.20%,2.80%,62.40%,15.60%,0.00%,100.00%
1302WAC0117,Lake Waccabuc,3523,1.22,317.07,14.80%,31.10%,0.50%,0.30%,0.00%,0.00%,41.80%,6.60%,0.30%,0.90%,1.10%,0.40%,0.00%,2.00%,0.20%,,17.10%,0.40%,50.70%,31.90%,0.00%,100.00%
,Lake Wanaksink,,0,0,,,,,,,,,,,,,,,,,,,,,,
0602WAR0094,Lake Warn,2655,0.92,238.95,5.60%,4.30%,0.40%,0.00%,0.00%,0.00%,30.30%,9.60%,13.10%,0.00%,0.00%,24.60%,3.80%,6.00%,2.40%,,14.00%,28.40%,53.00%,4.60%,0.00%,100.00%
0502LAM0047,Lamoka Lake,106303,36.94,9567.34,6.40%,3.90%,0.30%,0.00%,0.00%,0.00%,30.10%,1.60%,8.50%,10.50%,0.70%,29.20%,5.00%,2.80%,0.90%,,10.10%,34.30%,51.40%,4.20%,0.00%,100.00%
1404LAU0382,Laurel Lake,335,0.12,30.15,14.00%,5.40%,0.00%,0.00%,0.00%,0.00%,50.70%,0.00%,1.20%,0.00%,0.00%,24.20%,0.00%,2.40%,2.10%,,18.50%,24.20%,51.90%,5.40%,0.00%,100.00%
0602LEB0153,Lebanon Reservoir,14565,5.06,1310.86,4.00%,0.90%,0.00%,0.00%,0.00%,0.00%,39.70%,7.50%,1.90%,5.30%,2.60%,26.20%,5.90%,5.40%,0.70%,,10.00%,32.10%,57.00%,0.90%,0.00%,100.00%
,Upper Leland Pond,,0,0,,,,,,,,,,,,,,,,,,,,,,
,Lower Leland Pond,,0,0,,,,,,,,,,,,,,,,,,,,,,
1701LIL0779,Lily Pond (Suffolk),1742,0.61,156.78,0.40%,21.40%,21.20%,5.90%,0.00%,0.30%,31.10%,1.00%,0.00%,5.40%,5.00%,7.10%,0.00%,0.00%,1.20%,,1.60%,7.10%,42.80%,48.50%,0.00%,100.00%
0104LIM0130,Lime Lake,4336,1.51,390.24,15.60%,6.30%,7.40%,0.70%,0.20%,0.00%,22.60%,0.20%,3.10%,1.20%,0.80%,11.40%,29.40%,0.00%,1.10%,,16.70%,40.80%,27.90%,14.40%,0.20%,100.00%
1004LIN0315,Lincoln Pond,42400,14.73,3816.03,9.40%,2.70%,0.80%,0.10%,0.00%,0.00%,25.90%,28.70%,28.80%,1.20%,0.00%,0.00%,0.00%,2.20%,0.20%,,11.80%,0.00%,84.60%,3.60%,0.00%,100.00%
1701LFR0662,Little Fresh Pond,2602,0.9,234.18,3.30%,19.80%,8.80%,5.00%,0.50%,0.00%,53.60%,1.10%,0.30%,1.70%,0.00%,4.80%,0.00%,1.30%,0.00%,,4.70%,4.80%,56.60%,33.50%,0.50%,100.00%
,Little Long Pond,,0,0,,,,,,,,,,,,,,,,,,,,,,
0302LSO0076,Little Sodus Bay,10388,3.61,934.93,23.40%,9.30%,1.60%,0.30%,0.00%,0.00%,26.10%,2.40%,11.10%,3.00%,0.50%,9.70%,7.10%,4.70%,0.80%,,28.80%,16.80%,43.20%,11.20%,0.00%,100.00%
1501UWB1006,Little We Wah,9608,3.34,864.73,14.10%,10.20%,0.30%,0.00%,0.00%,0.00%,68.00%,2.60%,1.20%,0.10%,0.20%,0.20%,0.00%,3.10%,0.00%,,17.20%,0.20%,72.10%,10.50%,0.00%,100.00%
0903LWO0095,Little Wolf Pond,30281,10.52,2725.31,19.00%,1.80%,0.20%,0.00%,0.00%,0.10%,52.80%,19.10%,2.10%,1.80%,0.00%,0.00%,0.10%,2.30%,0.60%,,22.00%,0.10%,75.80%,2.10%,0.00%,100.00%
,Long Pond,,0,0,,,,,,,,,,,,,,,,,,,,,,
,Long Pond,,0,0,,,,,,,,,,,,,,,,,,,,,,
1308LONXXX1,Long Pond,8852,3.08,796.69,8.20%,6.30%,1.60%,1.00%,0.00%,0.00%,30.00%,4.90%,0.60%,3.00%,0.20%,31.50%,6.10%,5.70%,0.90%,,14.80%,37.60%,38.70%,8.90%,0.00%,100.00%
0404LOO0079,Loon Lake,10338,3.59,930.43,18.10%,3.40%,0.00%,0.00%,0.00%,0.00%,58.90%,9.50%,0.60%,5.30%,0.40%,0.00%,0.00%,3.50%,0.20%,,21.90%,0.00%,74.70%,3.40%,0.00%,100.00%
1104LOO0367,Loon Lake,37485,13.03,3373.67,8.90%,5.30%,0.20%,0.10%,0.00%,0.00%,15.70%,41.50%,23.10%,0.30%,0.00%,0.10%,0.10%,4.60%,0.10%,,13.50%,0.10%,80.70%,5.60%,0.00%,100.00%
,Lorton Lake,,0,0,,,,,,,,,,,,,,,,,,,,,,
0202LCA0133,Lower Cassadaga Lake,17172,5.97,1545.49,6.50%,4.80%,1.50%,0.80%,0.10%,0.10%,47.90%,3.00%,1.30%,4.90%,2.30%,9.60%,8.90%,7.30%,1.10%,,14.90%,18.50%,59.40%,7.10%,0.10%,100.00%
,Lower Chateaugay Lake,,0,0,,,,,,,,,,,,,,,,,,,,,,
1308LRH0888,Lower Rhoda Pond,7934,2.76,714.07,7.10%,6.50%,1.80%,1.10%,0.00%,0.00%,29.00%,3.40%,0.50%,2.80%,0.20%,34.30%,6.90%,5.40%,1.00%,,13.40%,41.20%,36.00%,9.40%,0.00%,100.00%
,Lower St. Regis Lake,,0,0,,,,,,,,,,,,,,,,,,,,,,
,Madison Lake,,0,0,,,,,,,,,,,,,,,,,,,,,,
1201MAR0570,Mariaville Lake,9239,3.21,831.52,11.10%,7.30%,1.40%,0.40%,0.00%,0.00%,41.70%,3.20%,21.10%,2.90%,0.70%,1.20%,0.00%,8.20%,0.60%,,19.90%,1.20%,69.70%,9.20%,0.00%,100.00%
1104MAYXXX1,Mayfield Lake,89575,31.13,8061.81,1.80%,6.10%,3.50%,0.80%,0.40%,0.00%,33.80%,22.60%,6.60%,0.40%,1.00%,6.80%,2.70%,13.00%,0.50%,,15.30%,9.50%,64.40%,10.40%,0.40%,100.00%
0602MEL0039,Melody Lake,4655,1.62,418.95,4.00%,2.90%,0.10%,0.00%,0.00%,0.00%,16.80%,12.90%,14.40%,0.80%,1.70%,26.30%,16.60%,3.60%,0.00%,,7.60%,42.90%,46.50%,2.90%,0.00%,100.00%
0906MIL0055,Millsite Lake,10096,3.51,908.65,29.10%,0.90%,0.20%,0.00%,0.00%,0.00%,36.10%,17.00%,3.90%,1.10%,1.90%,3.70%,0.30%,5.70%,0.10%,,34.90%,4.00%,60.10%,1.00%,0.00%,100.00%
1004MIR0250,Mirror Lake,3360,1.17,302.4,19.40%,17.90%,4.50%,3.50%,1.30%,0.00%,28.70%,10.10%,12.90%,0.00%,0.00%,0.00%,0.00%,1.50%,0.30%,,21.30%,0.00%,51.70%,25.80%,1.30%,100.00%
,Monhagen Lake,,0,0,,,,,,,,,,,,,,,,,,,,,,
1401MON0186,Montgomery Lake,682,0.24,61.38,12.60%,1.30%,0.00%,0.00%,0.00%,0.00%,51.60%,2.50%,32.00%,0.00%,0.00%,0.00%,0.00%,0.00%,0.00%,,12.60%,0.00%,86.10%,1.30%,0.00%,100.00%
0905MOO0071,Moon Lake,5186,1.8,466.74,23.00%,2.50%,0.00%,0.00%,0.00%,0.00%,55.30%,2.70%,2.30%,0.80%,0.70%,2.90%,0.00%,9.70%,0.10%,,32.80%,2.90%,61.80%,2.50%,0.00%,100.00%
1101MOR0101,Moreau Lake,4676,1.62,420.84,11.70%,0.40%,0.00%,0.00%,0.00%,0.10%,39.90%,28.20%,14.30%,0.00%,0.00%,0.00%,1.00%,4.10%,0.10%,,16.00%,1.00%,82.60%,0.40%,0.00%,100.00%
1201MOU0691,Mountain Lake (Fulton),1439,0.5,129.51,13.90%,2.80%,0.00%,0.00%,0.00%,0.00%,30.70%,34.40%,14.50%,0.00%,0.00%,0.00%,0.00%,3.80%,0.00%,,17.70%,0.00%,79.60%,2.80%,0.00%,100.00%
0902MOU0050,Moutain View Lake,129621,45.04,11665.97,5.00%,1.40%,0.00%,0.00%,0.00%,0.10%,61.00%,14.50%,2.60%,3.70%,0.50%,0.00%,0.00%,11.00%,0.30%,,16.30%,0.00%,82.20%,1.50%,0.00%,100.00%
1310NAS0034,Nassau Lake,48432,16.83,4358.91,2.50%,6.80%,1.40%,0.60%,0.00%,0.00%,37.30%,13.90%,11.60%,5.50%,0.50%,12.40%,0.40%,6.40%,0.80%,,9.60%,12.80%,68.80%,8.80%,0.00%,100.00%
0303NOR1041,North Sandy Pond,252953,87.9,22765.93,5.00%,2.60%,0.70%,0.20%,0.00%,0.20%,38.80%,11.20%,2.50%,10.50%,1.50%,13.20%,5.20%,7.60%,0.80%,,13.40%,18.40%,64.70%,3.50%,0.00%,100.00%
1404OQU0383,Oquaga Lake,2884,1,259.56,21.10%,3.70%,0.00%,0.00%,0.00%,0.00%,52.60%,5.10%,12.50%,0.20%,0.00%,3.30%,0.00%,1.00%,0.50%,,22.60%,3.30%,70.50%,3.70%,0.00%,100.00%
1301ORA0340,Orange Lake (Orange),37617,13.07,3385.55,5.20%,11.30%,3.40%,1.30%,1.10%,0.00%,31.30%,0.30%,7.00%,0.70%,0.10%,3.00%,6.20%,27.80%,1.30%,,34.30%,9.20%,39.40%,16.00%,1.10%,100.00%
0702OTI0175,Otisco Lake - S1,121878,42.35,10969.1,8.51%,4.04%,0.36%,0.04%,0.00%,0.00%,30.28%,1.71%,1.92%,7.48%,0.24%,27.23%,14.76%,2.75%,0.68%,,11.90%,42.00%,41.60%,4.40%,0.00%,100.00%
0702OTI0175,Otisco Lake - S2,121878,42.35,10969.1,8.51%,4.04%,0.36%,0.04%,0.00%,0.00%,30.28%,1.71%,1.92%,7.48%,0.24%,27.23%,14.76%,2.75%,0.68%,,11.90%,42.00%,41.60%,4.40%,0.00%,100.00%
0801OTT0926,Otter Lake,6368,2.21,573.12,8.00%,0.00%,0.00%,0.00%,0.00%,0.00%,57.00%,16.90%,9.30%,1.30%,0.00%,0.00%,0.00%,7.40%,0.10%,,15.50%,0.00%,84.50%,0.00%,0.00%,100.00%
0706OWA0212,Owasco Lake - S1,581093,201.93,52298.75,5.40%,3.70%,0.60%,0.10%,0.00%,0.00%,23.90%,2.70%,2.30%,6.30%,0.40%,26.70%,21.90%,5.30%,0.60%,,11.30%,48.60%,35.60%,4.50%,0.00%,100.00%
0706OWA0212,Owasco Lake - S2,581093,201.93,52298.75,5.40%,3.70%,0.60%,0.10%,0.00%,0.00%,23.90%,2.70%,2.30%,6.30%,0.40%,26.70%,21.90%,5.30%,0.60%,,11.30%,48.60%,35.60%,4.50%,0.00%,100.00%
1302PAL0061A,Palmer Lake,2188,0.76,196.92,1.90%,23.90%,6.20%,3.00%,0.60%,0.00%,50.90%,1.20%,1.60%,2.90%,0.50%,5.30%,0.00%,2.10%,0.00%,,3.90%,5.30%,57.10%,33.00%,0.60%,100.00%
0703PAN0094,Panther Lake,2514,0.87,226.26,24.50%,0.60%,0.00%,0.00%,0.00%,0.00%,25.10%,15.40%,4.20%,26.30%,0.00%,3.70%,0.00%,0.00%,0.10%,,24.70%,3.70%,71.10%,0.60%,0.00%,100.00%
,Paradox Lake,,0,0,,,,,,,,,,,,,,,,,,,,,,
,Paradox Lake-Site 2,,0,0,,,,,,,,,,,,,,,,,,,,,,
1302PEA0093,Peach Lake,5235,1.82,471.15,21.00%,14.20%,4.40%,1.40%,0.00%,0.00%,32.70%,1.20%,0.70%,0.30%,0.00%,18.00%,0.00%,5.30%,0.80%,,27.10%,18.00%,34.90%,20.00%,0.00%,100.00%
1201PEC0686,Peck Lake,54413,18.91,4897.21,14.60%,1.60%,0.00%,0.00%,0.00%,0.00%,41.60%,20.60%,12.30%,1.20%,0.10%,0.00%,0.00%,7.50%,0.50%,,22.50%,0.00%,75.90%,1.60%,0.00%,100.00%
0602PET0078,Petonia Lake,1598,0.56,143.82,6.50%,3.40%,0.00%,0.00%,0.00%,0.00%,43.70%,7.10%,19.90%,0.40%,0.00%,17.60%,0.00%,1.20%,0.30%,,8.00%,17.60%,71.00%,3.40%,0.00%,100.00%
,Piseco Lake,,0,0,,,,,,,,,,,,,,,,,,,,,,
1201PLE0745,Pleasant Lake (Fulton),5574,1.94,501.66,21.70%,2.00%,0.00%,0.00%,0.00%,0.00%,42.10%,5.00%,15.50%,3.00%,0.00%,0.00%,0.00%,9.60%,1.20%,,32.40%,0.00%,65.60%,2.00%,0.00%,100.00%
0703PLE0019,Pleasant Lake (Oswego),1212,0.42,109.08,15.20%,6.80%,0.20%,0.00%,0.00%,0.00%,14.60%,5.90%,5.40%,28.30%,0.00%,0.00%,5.50%,17.90%,0.00%,,33.10%,5.50%,54.30%,7.10%,0.00%,100.00%
1402PLE0045,Pleasure Lake,35284,12.26,3175.58,6.70%,10.90%,4.20%,1.20%,0.50%,0.00%,43.30%,10.20%,17.50%,0.20%,0.10%,1.40%,0.70%,3.00%,0.10%,,9.80%,2.00%,71.30%,16.30%,0.50%,100.00%
,Plum Brook Lake,,0,0,,,,,,,,,,,,,,,,,,,,,,
0602PLY0107,Plymouth Reservoir,3010,1.05,270.9,12.90%,2.70%,0.60%,0.00%,0.00%,0.60%,31.10%,4.00%,9.20%,31.20%,1.00%,0.00%,0.00%,6.60%,0.20%,,19.70%,0.00%,77.00%,3.30%,0.00%,100.00%
,Port Bay,,0,0,,,,,,,,,,,,,,,,,,,,,,
1302PUT0093B,Putnam Lake,7744,2.69,696.97,13.10%,42.20%,9.90%,1.10%,0.00%,0.00%,28.80%,1.90%,1.10%,0.10%,0.00%,0.20%,0.00%,1.50%,0.00%,,14.60%,0.20%,31.90%,53.20%,0.00%,100.00%
1310QUE0057,Queechy Lake,4408,1.53,396.72,15.70%,5.00%,2.60%,0.50%,0.30%,0.00%,39.70%,14.40%,15.40%,0.30%,0.10%,3.40%,0.20%,1.90%,0.30%,,17.90%,3.60%,70.00%,8.20%,0.30%,100.00%
0903RAQ0293,Raquette Lake,,0,0,97.43,0.05,0.00,0.00,0.00,0.00,0.26,1.15,0.16,0.03,0.34,0.00,0.00,0.54,0.04,,98.01500337,0,1.930209036,0.054787592,0,100
,Roaring Brook Lake,,0,0,,,,,,,,,,,,,,,,,,,,,,
1308ROB0902,Robinson Pond,97117,33.75,8740.59,1.00%,4.80%,1.60%,0.30%,0.00%,0.00%,46.10%,5.30%,3.30%,1.50%,0.20%,25.80%,4.90%,3.80%,1.40%,,6.10%,30.60%,56.50%,6.70%,0.00%,100.00%
0801RON0739,Rondaxe Pond,158430,55.05,14258.8,9.70%,0.30%,0.00%,0.00%,0.00%,0.00%,41.50%,23.30%,14.90%,6.40%,0.00%,0.00%,0.00%,3.20%,0.70%,,13.60%,0.00%,86.20%,0.30%,0.00%,100.00%
,Round Lake (Orange),,0,0,,,,,,,,,,,,,,,,,,,,,,
1310ROU0080,Round Pond,1884,0.65,169.56,5.00%,1.60%,0.00%,0.00%,0.00%,0.00%,17.90%,2.70%,60.90%,3.10%,0.50%,0.80%,0.00%,7.10%,0.40%,,12.50%,0.80%,85.10%,1.60%,0.00%,100.00%
0403RUS0146,Rushford Lake,175657,61.04,15809.24,1.50%,2.20%,0.20%,0.00%,0.00%,0.00%,54.50%,6.60%,4.70%,1.90%,0.40%,17.00%,10.50%,0.40%,0.10%,,2.00%,27.50%,68.20%,2.40%,0.00%,100.00%
1104SAC0314,Sacandaga Lake,58680,20.39,5281.24,15.10%,2.30%,0.10%,0.00%,0.00%,0.00%,54.90%,12.60%,8.90%,2.00%,0.00%,0.00%,0.10%,2.80%,1.10%,,19.00%,0.10%,78.50%,2.40%,0.00%,100.00%
1302SAG0076J,Sagamore Lake,17144,5.96,1542.97,2.60%,8.20%,0.10%,0.30%,0.00%,0.00%,68.90%,5.70%,1.00%,1.40%,0.00%,1.70%,0.00%,9.70%,0.20%,,12.50%,1.70%,77.10%,8.60%,0.00%,100.00%
1101SAR0027,Saratoga Lake,622819,216.42,56054.11,3.20%,8.90%,4.80%,1.60%,0.60%,0.20%,21.80%,18.50%,9.20%,0.40%,0.10%,5.40%,6.10%,18.70%,0.60%,,22.50%,11.50%,50.20%,15.30%,0.60%,100.00%
1104SCH0374,Schroon Lake-N,908252,315.61,81743.27,5.20%,1.80%,0.60%,0.10%,0.00%,0.10%,30.30%,41.00%,15.80%,0.50%,0.10%,0.00%,0.10%,4.20%,0.20%,,9.60%,0.10%,87.80%,2.50%,0.00%,100.00%
1104SCH0374,Schroon Lake-S,908252,315.61,81743.27,5.20%,1.80%,0.60%,0.10%,0.00%,0.10%,30.30%,41.00%,15.80%,0.50%,0.10%,0.00%,0.10%,4.20%,0.20%,,9.60%,0.10%,87.80%,2.50%,0.00%,100.00%
0705SEN0369,Seneca Lake-13,2049328,712.13,184440.84,12.20%,4.80%,1.10%,0.40%,0.10%,0.10%,21.00%,2.10%,8.30%,6.20%,0.50%,23.90%,16.20%,2.60%,0.60%,,15.40%,40.10%,38.10%,6.30%,0.10%,100.00%
0705SEN0369,Seneca Lake-11,2049328,712.13,184440.84,12.20%,4.80%,1.10%,0.40%,0.10%,0.10%,21.00%,2.10%,8.30%,6.20%,0.50%,23.90%,16.20%,2.60%,0.60%,,15.40%,40.10%,38.10%,6.30%,0.10%,100.00%
0705SEN0369,Seneca Lake-12,2049328,712.13,184440.84,12.20%,4.80%,1.10%,0.40%,0.10%,0.10%,21.00%,2.10%,8.30%,6.20%,0.50%,23.90%,16.20%,2.60%,0.60%,,15.40%,40.10%,38.10%,6.30%,0.10%,100.00%
0705SEN0369,Seneca Lake-14,2049328,712.13,184440.84,12.20%,4.80%,1.10%,0.40%,0.10%,0.10%,21.00%,2.10%,8.30%,6.20%,0.50%,23.90%,16.20%,2.60%,0.60%,,15.40%,40.10%,38.10%,6.30%,0.10%,100.00%
0705SEN0369,Seneca Lake-16,2049328,712.13,184440.84,12.20%,4.80%,1.10%,0.40%,0.10%,0.10%,21.00%,2.10%,8.30%,6.20%,0.50%,23.90%,16.20%,2.60%,0.60%,,15.40%,40.10%,38.10%,6.30%,0.10%,100.00%
0705SEN0369,Seneca Lake-17,2049328,712.13,184440.84,12.20%,4.80%,1.10%,0.40%,0.10%,0.10%,21.00%,2.10%,8.30%,6.20%,0.50%,23.90%,16.20%,2.60%,0.60%,,15.40%,40.10%,38.10%,6.30%,0.10%,100.00%
0705SEN0369,Seneca Lake - S1,2049328,712.13,184440.84,12.20%,4.80%,1.10%,0.40%,0.10%,0.10%,21.00%,2.10%,8.30%,6.20%,0.50%,23.90%,16.20%,2.60%,0.60%,,15.40%,40.10%,38.10%,6.30%,0.10%,100.00%
0705SEN0369,Seneca Lake - S2,2049328,712.13,184440.84,12.20%,4.80%,1.10%,0.40%,0.10%,0.10%,21.00%,2.10%,8.30%,6.20%,0.50%,23.90%,16.20%,2.60%,0.60%,,15.40%,40.10%,38.10%,6.30%,0.10%,100.00%
0705SEN0369,Seneca Lake - S3,2049328,712.13,184440.84,12.20%,4.80%,1.10%,0.40%,0.10%,0.10%,21.00%,2.10%,8.30%,6.20%,0.50%,23.90%,16.20%,2.60%,0.60%,,15.40%,40.10%,38.10%,6.30%,0.10%,100.00%
0705SEN0369,Seneca Lake - S4,2049328,712.13,184440.84,12.20%,4.80%,1.10%,0.40%,0.10%,0.10%,21.00%,2.10%,8.30%,6.20%,0.50%,23.90%,16.20%,2.60%,0.60%,,15.40%,40.10%,38.10%,6.30%,0.10%,100.00%
1301SEP0826,Sepasco Lake,2332,0.81,209.88,3.90%,4.20%,1.30%,0.00%,0.00%,0.00%,65.00%,6.40%,0.00%,0.80%,0.10%,15.10%,0.30%,1.40%,1.60%,,6.90%,15.40%,72.30%,5.40%,0.00%,100.00%
1302SEV0077C,Seven Hills Lake,,0,0,6.24%,6.39%,1.86%,0.39%,0.02%,0.24%,74.29%,0.31%,2.44%,0.07%,0.34%,1.09%,0.01%,6.21%,0.10%,,12.55%,1.10%,77.70%,8.63%,0.02%,100.00%
1302SHA0128J,Shadow Lake,219,0.08,19.71,8.70%,20.10%,0.00%,2.30%,0.00%,0.00%,50.70%,11.00%,0.00%,4.60%,0.00%,0.00%,0.00%,0.00%,2.70%,,11.40%,0.00%,66.20%,22.40%,0.00%,100.00%
1301SHA0424,Shaver Pond,808,0.28,72.72,8.00%,10.60%,4.10%,0.00%,0.00%,0.00%,50.10%,11.00%,0.70%,0.00%,0.50%,10.60%,2.50%,1.70%,0.00%,,9.80%,13.10%,62.40%,14.70%,0.00%,100.00%
1306SHA0491,Shawangunk Lake,1355,0.47,121.95,18.20%,7.20%,0.00%,0.00%,0.00%,0.00%,28.60%,2.40%,11.20%,0.00%,0.00%,26.00%,0.00%,6.40%,0.00%,,24.60%,26.00%,42.20%,7.20%,0.00%,100.00%
1302SHE0050A,Shenorock Lake,3066,1.07,275.94,1.70%,42.70%,21.60%,7.20%,1.90%,0.00%,20.50%,0.00%,0.80%,0.20%,0.00%,2.40%,0.00%,1.20%,0.00%,,2.90%,2.40%,21.40%,71.40%,1.90%,100.00%
1003SIL0073,Silver Lake (Clinton),15675,5.45,1410.76,23.50%,2.80%,0.00%,0.00%,0.00%,0.00%,44.40%,17.50%,8.70%,1.10%,0.30%,0.00%,0.20%,1.40%,0.20%,,25.00%,0.20%,71.90%,2.90%,0.00%,100.00%
0904SIL0351,Silver Lake (St. Lawrence),1766,0.61,158.94,32.70%,3.00%,0.00%,0.40%,0.00%,0.00%,48.60%,7.00%,3.50%,0.30%,0.60%,0.00%,0.00%,3.70%,0.20%,,36.60%,0.00%,60.00%,3.40%,0.00%,100.00%
0403SIL0115,Silver Lake (Wyoming),49828,17.31,4484.55,7.90%,5.90%,1.10%,0.10%,0.00%,0.00%,9.40%,0.20%,1.30%,1.10%,0.20%,31.60%,30.70%,8.00%,2.70%,,18.50%,62.30%,12.10%,7.10%,0.00%,100.00%
0906SIX0056,Sixberry Lake,3423,1.19,308.07,17.60%,0.80%,0.60%,0.00%,0.00%,0.00%,30.40%,25.80%,2.70%,1.70%,5.20%,4.10%,0.80%,10.20%,0.00%,,27.80%,5.00%,65.80%,1.40%,0.00%,100.00%
0707SKA0193,Skaneateles Lake,209513,72.8,18856.31,19.10%,4.50%,0.70%,0.10%,0.00%,0.00%,24.60%,3.50%,2.90%,5.60%,0.30%,17.70%,18.10%,2.50%,0.20%,,21.90%,35.80%,36.90%,5.30%,0.00%,100.00%
0707SKA0193,Skaneateles Lake - S1,209513,72.8,18856.31,19.10%,4.50%,0.70%,0.10%,0.00%,0.00%,24.60%,3.50%,2.90%,5.60%,0.30%,17.70%,18.10%,2.50%,0.20%,,21.90%,35.80%,36.90%,5.30%,0.00%,100.00%
0707SKA0193,Skaneateles Lake - S2,209513,72.8,18856.31,19.10%,4.50%,0.70%,0.10%,0.00%,0.00%,24.60%,3.50%,2.90%,5.60%,0.30%,17.70%,18.10%,2.50%,0.20%,,21.90%,35.80%,36.90%,5.30%,0.00%,100.00%
1301SLE6666,Sleepy Hollow Lake,38315,13.31,3448.37,4.50%,11.30%,2.10%,1.10%,0.40%,0.00%,20.20%,5.80%,6.80%,1.30%,0.10%,24.30%,13.10%,9.00%,0.00%,,13.50%,37.40%,34.20%,14.50%,0.40%,100.00%
0502SMI0066,Smith Pond,3037,1.06,273.33,6.70%,5.30%,0.00%,0.00%,0.00%,0.00%,9.00%,2.30%,8.60%,0.70%,0.00%,32.40%,27.20%,7.50%,0.30%,,14.50%,59.60%,20.50%,5.30%,0.00%,100.00%
1301SNY0377,Snyders Lake,3765,1.31,338.85,13.70%,9.60%,9.60%,6.50%,0.00%,0.00%,29.10%,2.00%,4.60%,2.10%,0.80%,18.20%,1.60%,1.90%,0.30%,,15.80%,19.80%,38.70%,25.70%,0.00%,100.00%
0302SOD0096,Sodus Bay,149830,52.06,13484.8,9.60%,5.70%,0.70%,0.30%,0.10%,0.10%,25.30%,1.00%,8.10%,1.70%,0.10%,27.30%,10.80%,7.90%,1.40%,,18.90%,38.10%,36.20%,6.70%,0.10%,100.00%
1401SOM0268,Somerset Lake,1348,0.47,121.32,16.30%,5.30%,0.00%,0.00%,0.00%,0.00%,50.70%,4.70%,13.40%,0.40%,0.00%,8.70%,0.00%,0.40%,0.00%,,16.70%,8.70%,69.30%,5.30%,0.00%,100.00%
0602SON0072,Song Lake,3591,1.25,323.19,13.80%,2.60%,0.20%,0.00%,0.00%,0.00%,41.70%,2.40%,1.90%,8.40%,0.60%,11.80%,14.30%,1.80%,0.50%,,16.10%,26.10%,55.00%,2.80%,0.00%,100.00%
0902SPI0264,Spitfire Lake,23292,8.09,2096.3,24.60%,1.40%,0.00%,0.00%,0.00%,0.00%,46.50%,19.90%,3.90%,1.20%,0.00%,0.00%,0.00%,0.90%,1.60%,,27.10%,0.00%,71.50%,1.40%,0.00%,100.00%
1310SPR0081,Spring Lake,573,0.2,51.57,18.50%,6.80%,0.00%,0.00%,0.00%,0.00%,10.10%,6.80%,52.20%,1.90%,0.00%,0.00%,0.00%,3.70%,0.00%,,22.20%,0.00%,71.00%,6.80%,0.00%,100.00%
0905STA0281,Star Lake,2877,1,258.93,37.90%,5.90%,1.70%,2.10%,0.00%,0.00%,47.20%,1.10%,1.30%,1.80%,0.00%,0.80%,0.00%,0.10%,0.00%,,38.00%,0.80%,51.50%,9.70%,0.00%,100.00%
1201LIL0716,Stewarts Landing,119263,41.44,10733.75,7.70%,1.20%,0.10%,0.00%,0.00%,0.00%,53.90%,7.80%,15.80%,2.80%,0.10%,0.00%,0.00%,9.40%,1.10%,,18.20%,0.00%,80.50%,1.30%,0.00%,100.00%
1305STI0409,Stissing Lake,6521,2.27,586.89,7.50%,10.30%,7.60%,2.90%,0.40%,0.00%,38.30%,2.30%,0.70%,5.40%,0.00%,10.20%,6.00%,6.50%,1.90%,,15.90%,16.20%,46.70%,20.80%,0.40%,100.00%
1301UWB5186,Sugar Pond,388,0.13,34.92,0.00%,42.30%,4.60%,1.50%,0.00%,0.00%,51.50%,0.00%,0.00%,0.00%,0.00%,0.00%,0.00%,0.00%,0.00%,,0.00%,0.00%,51.50%,48.50%,0.00%,100.00%
1202SUM0629,Summit Lake,1237,0.43,111.33,16.70%,10.80%,0.60%,0.40%,0.00%,0.00%,50.80%,10.80%,1.20%,0.00%,0.00%,8.00%,0.00%,0.60%,0.00%,,17.40%,8.00%,62.80%,11.80%,0.00%,100.00%
1103SUM0080,Summit Lake (Washington),1374,0.48,123.66,25.90%,7.80%,1.90%,0.00%,0.00%,0.00%,54.40%,3.20%,0.70%,0.60%,0.00%,5.50%,0.00%,0.00%,0.00%,,25.90%,5.50%,58.90%,9.70%,0.00%,100.00%
1005SUN0440,Sunnyside Lake,348,0.12,31.32,49.40%,22.10%,11.50%,0.00%,0.00%,0.00%,8.30%,6.90%,1.70%,0.00%,0.00%,0.00%,0.00%,0.00%,0.00%,,49.40%,0.00%,17.00%,33.60%,0.00%,100.00%
1102TAC1129,Taconic Lake,1471,0.51,132.39,9.60%,2.60%,0.00%,0.00%,0.00%,0.00%,45.90%,5.30%,31.70%,0.50%,0.00%,0.00%,0.00%,4.40%,0.00%,,14.00%,0.00%,83.40%,2.60%,0.00%,100.00%
,Tanglewood Lake,,0,0,,,,,,,,,,,,,,,,,,,,,,
1302UWB0128A,Teatown Lake,3839,1.33,345.51,4.90%,10.70%,0.30%,0.40%,0.00%,0.00%,65.30%,10.40%,1.30%,1.20%,0.00%,0.80%,0.00%,3.90%,0.90%,,9.60%,0.80%,78.10%,11.40%,0.00%,100.00%
,Thompsons Lake,,0,0,,,,,,,,,,,,,,,,,,,,,,
0602TRU5405,Thunder Lake,,0,0,11.68%,10.59%,0.16%,0.00%,0.00%,0.00%,12.46%,12.31%,32.87%,0.00%,0.62%,19.31%,0.00%,0.00%,0.00%,,11.68%,19.31%,58.26%,10.75%,0.00%,100.00%
1302UWB0044H,Timber Lake (Westchester),956,0.33,86.04,3.10%,21.90%,0.00%,0.00%,0.00%,0.00%,66.30%,2.50%,0.00%,4.10%,0.00%,0.30%,0.00%,1.00%,0.70%,,4.90%,0.30%,72.90%,21.90%,0.00%,100.00%
1403UWB0294B,Timber Lake (Sullivan),752,0.26,67.68,8.20%,0.00%,0.00%,0.00%,0.00%,0.00%,74.20%,0.00%,3.30%,0.30%,0.00%,12.60%,1.30%,0.00%,0.00%,,8.20%,14.00%,77.80%,0.00%,0.00%,100.00%
,Tomkins Lake,,0,0,,,,,,,,,,,,,,,,,,,,,,
0602TUL0068,Tully Lake,43557,15.14,3920.16,5.80%,6.10%,1.70%,0.80%,0.30%,0.00%,29.30%,2.40%,1.70%,7.10%,0.40%,21.70%,14.90%,5.90%,1.70%,,13.40%,36.60%,41.00%,8.60%,0.30%,100.00%
0703TUS0153A,Tuscarora Lake,15511,5.39,1396,9.40%,3.30%,0.30%,0.10%,0.00%,0.00%,38.60%,12.20%,6.40%,5.80%,0.00%,13.00%,7.30%,3.00%,0.50%,,12.90%,20.30%,63.00%,3.70%,0.00%,100.00%
1501TUX1007,Tuxedo Lake,9145,3.18,823.06,14.20%,8.00%,0.10%,0.00%,0.00%,0.00%,69.90%,2.70%,1.20%,0.10%,0.20%,0.20%,0.00%,3.30%,0.00%,,17.50%,0.20%,74.20%,8.10%,0.00%,100.00%
0801TWI0584,Twitchell Lake,8454,2.94,760.87,12.10%,0.00%,0.00%,0.00%,0.00%,0.00%,56.30%,18.70%,9.50%,2.40%,0.00%,0.00%,0.00%,0.10%,0.80%,,13.00%,0.00%,87.00%,0.00%,0.00%,100.00%
1306ULS0799,Ulster Heights Lake,57874,20.11,5208.7,2.40%,2.70%,0.20%,0.10%,0.00%,0.10%,38.70%,19.60%,18.30%,0.10%,0.30%,5.90%,0.30%,10.90%,0.40%,,13.70%,6.10%,77.20%,2.90%,0.00%,100.00%
1306UWB0464B,Unnamed Wallkill Pond,635,0.22,57.15,3.50%,3.30%,0.00%,0.00%,0.00%,0.00%,30.40%,0.00%,8.30%,0.00%,0.00%,46.50%,0.00%,8.00%,0.00%,,11.50%,46.50%,38.70%,3.30%,0.00%,100.00%
0902UCH0002,Upper Chataugay Lake,237558,82.55,21380.37,5.60%,1.20%,0.10%,0.10%,0.00%,0.30%,52.40%,20.70%,9.10%,3.90%,0.30%,0.10%,0.00%,5.60%,0.50%,,11.70%,0.10%,86.70%,1.40%,0.00%,100.00%
0602ULI0067,Upper Little York Lake,95224,33.09,8570.22,3.60%,5.60%,1.60%,0.50%,0.20%,0.00%,35.30%,3.30%,2.90%,5.10%,0.30%,17.00%,18.60%,4.70%,1.20%,,9.60%,35.60%,46.90%,7.70%,0.20%,100.00%
1003USA0114,Upper Saranac Lake-North,218380,75.89,19654.34,23.50%,1.80%,0.10%,0.10%,0.00%,0.00%,33.20%,31.80%,5.70%,2.00%,0.20%,0.00%,0.00%,1.20%,0.30%,,25.00%,0.00%,73.00%,1.90%,0.00%,100.00%
1003USA0114,Upper Saranac Lake-South,218380,75.89,19654.34,23.50%,1.80%,0.10%,0.10%,0.00%,0.00%,33.20%,31.80%,5.70%,2.00%,0.20%,0.00%,0.00%,1.20%,0.30%,,25.00%,0.00%,73.00%,1.90%,0.00%,100.00%
0902USA0265,Upper St. Regis Lake,20037,6.96,1803.34,22.30%,1.60%,0.00%,0.00%,0.00%,0.00%,48.10%,20.10%,3.80%,1.30%,0.00%,0.00%,0.00%,1.00%,1.90%,,25.10%,0.00%,73.20%,1.60%,0.00%,100.00%
1301WAL0165,Wallace Pond,11136,3.87,1002.25,0.90%,14.90%,1.70%,1.30%,0.20%,0.00%,71.70%,3.80%,0.40%,0.30%,0.00%,2.30%,0.00%,2.00%,0.50%,,3.50%,2.30%,76.20%,17.90%,0.20%,100.00%
1501WEE1005,We Wah Lake,23742,8.25,2136.8,6.90%,6.30%,0.10%,0.00%,0.00%,0.00%,76.20%,1.10%,1.20%,0.30%,0.80%,0.10%,0.00%,6.80%,0.20%,,13.90%,0.10%,79.60%,6.40%,0.00%,100.00%
1401STU0245,Weiden Pond,35115,12.2,3160.37,1.10%,1.10%,0.00%,0.00%,0.00%,0.00%,32.40%,17.00%,40.40%,0.20%,0.10%,3.30%,0.10%,4.30%,0.10%,,5.50%,3.40%,90.10%,1.10%,0.00%,100.00%
1201WCA0698,West Caroga Lake,16476,5.73,1482.85,8.90%,4.30%,0.90%,0.20%,0.00%,0.00%,45.00%,11.90%,14.70%,2.30%,0.40%,0.40%,0.00%,10.30%,0.90%,,20.00%,0.40%,74.20%,5.40%,0.00%,100.00%
1304WHA0353,Whaley Lake,11835,4.11,1065.16,12.60%,4.10%,1.10%,0.10%,0.00%,0.00%,68.40%,5.50%,2.50%,0.90%,0.00%,0.80%,0.00%,2.60%,1.30%,,16.60%,0.80%,77.30%,5.30%,0.00%,100.00%
0601WHI5191,White Birch Lake,1971,0.68,177.39,6.70%,4.90%,0.00%,0.00%,0.00%,0.00%,42.30%,10.10%,21.60%,0.30%,0.00%,13.30%,0.00%,0.00%,0.90%,,7.60%,13.30%,74.20%,4.90%,0.00%,100.00%
1104WIN0529A,Windover Lake,22438,7.8,2019.43,1.20%,2.60%,0.10%,0.00%,0.00%,0.00%,62.80%,20.50%,9.40%,0.20%,0.10%,0.00%,0.10%,2.00%,0.90%,,4.20%,0.10%,93.00%,2.70%,0.00%,100.00%
1402WOL0037,Wolf Lake,5899,2.05,530.91,25.00%,0.30%,0.00%,0.00%,0.00%,0.00%,55.00%,1.70%,17.40%,0.00%,0.00%,0.00%,0.00%,0.60%,0.00%,,25.60%,0.00%,74.10%,0.30%,0.00%,100.00%
1402YAN0021,Yankee Lake,9815,3.41,883.36,18.00%,5.80%,1.30%,0.30%,0.00%,0.20%,45.30%,1.70%,26.10%,0.00%,0.00%,0.10%,0.00%,1.20%,0.10%,,19.30%,0.10%,73.30%,7.30%,0.00%,100.00%
